{
  "ratings": {
    "Alaves": -0.03448156773381133,
    "Almeria": -0.10457847240421259,
    "Athletic Bilbao": 0.03571149375313602,
    "Atletico Madrid": 0.5671611682513269,
    "Barcelona": 0.8175353997115383,
    "Betis": -0.034512341713566194,
    "Celta Vigo": -0.2436930858013119,
    "Espanyol": 0.035422489491441084,
    "Getafe": 0.17547523244257876,
    "Granada": -0.430104637191074,
    "Leganes": -0.15065652886248385,
    "Levante": -0.17393549398627645,
    "Mallorca": -0.24417119795787998,
    "Osasuna": -0.33662027688597057,
    "Real Madrid": 0.3841880834714124,
    "Real Sociedad": -0.03432809939361525,
    "Sevilla": 0.17538880376738772,
    "Valencia": 0.22230450653341663,
    "Valladolid": -0.4528955007808829,
    "Villarreal": -0.17320997471115285
  },
  "home_adv": 0.22795355597454614,
  "base_draw": 0.37925365113751186,
  "draw_k": 0.12,
  "temp": 0.85,
  "templates": [
    [
      1.35,
      4.66,
      9.2
    ],
    [
      1.36,
      4.61,
      9.0
    ],
    [
      1.4,
      4.45,
      8.1
    ],
    [
      1.43,
      4.33,
      7.4
    ],
    [
      1.44,
      4.31,
      7.4
    ],
    [
      1.46,
      4.25,
      7.1
    ],
    [
      1.47,
      4.17,
      6.9
    ],
    [
      1.47,
      4.18,
      6.9
    ],
    [
      1.47,
      4.2,
      6.9
    ],
    [
      1.48,
      4.18,
      6.8
    ],
    [
      1.5,
      4.1,
      6.5
    ],
    [
      1.51,
      4.07,
      6.3
    ],
    [
      1.54,
      3.98,
      6.1
    ],
    [
      1.54,
      3.99,
      6.1
    ],
    [
      1.55,
      4.0,
      5.94
    ],
    [
      1.56,
      3.97,
      5.81
    ],
    [
      1.57,
      3.94,
      5.83
    ],
    [
      1.58,
      3.9,
      5.71
    ],
    [
      1.58,
      3.91,
      5.71
    ],
    [
      1.61,
      3.85,
      5.48
    ],
    [
      1.61,
      3.87,
      5.48
    ],
    [
      1.62,
      3.81,
      5.38
    ],
    [
      1.62,
      3.86,
      5.36
    ],
    [
      1.65,
      3.77,
      5.17
    ],
    [
      1.65,
      3.8,
      5.15
    ],
    [
      1.67,
      3.72,
      5.08
    ],
    [
      1.67,
      3.73,
      5.08
    ],
    [
      1.67,
      3.76,
      5.06
    ],
    [
      1.68,
      3.72,
      4.97
    ],
    [
      1.69,
      3.69,
      4.98
    ],
    [
      1.69,
      3.7,
      4.98
    ],
    [
      1.7,
      3.68,
      4.88
    ],
    [
      1.7,
      3.69,
      4.88
    ],
    [
      1.73,
      3.64,
      4.7
    ],
    [
      1.73,
      3.65,
      4.7
    ],
    [
      1.74,
      3.62,
      4.71
    ],
    [
      1.75,
      3.61,
      4.62
    ],
    [
      1.75,
      3.62,
      4.61
    ],
    [
      1.77,
      3.59,
      4.53
    ],
    [
      1.77,
      3.6,
      4.53
    ],
    [
      1.79,
      3.55,
      4.46
    ],
    [
      1.79,
      3.56,
      4.45
    ],
    [
      1.79,
      3.58,
      4.45
    ],
    [
      1.81,
      3.53,
      4.38
    ],
    [
      1.81,
      3.54,
      4.38
    ],
    [
      1.83,
      3.49,
      4.31
    ],
    [
      1.85,
      3.47,
      4.23
    ],
    [
      1.85,
      3.47,
      4.24
    ],
    [
      1.85,
      3.48,
      4.23
    ],
    [
      1.85,
      3.49,
      4.22
    ],
    [
      1.85,
      3.49,
      4.23
    ],
    [
      1.85,
      3.5,
      4.22
    ],
    [
      1.86,
      3.5,
      4.14
    ],
    [
      1.87,
      3.47,
      4.15
    ],
    [
      1.87,
      3.47,
      4.16
    ],
    [
      1.87,
      3.48,
      4.15
    ],
    [
      1.89,
      3.43,
      4.09
    ],
    [
      1.89,
      3.44,
      4.09
    ],
    [
      1.89,
      3.45,
      4.08
    ],
    [
      1.91,
      3.42,
      4.02
    ],
    [
      1.91,
      3.43,
      4.01
    ],
    [
      1.91,
      3.43,
      4.02
    ],
    [
      1.91,
      3.45,
      4.01
    ],
    [
      1.92,
      3.39,
      4.03
    ],
    [
      1.94,
      3.38,
      3.96
    ],
    [
      1.94,
      3.39,
      3.96
    ],
    [
      1.95,
      3.4,
      3.88
    ],
    [
      1.96,
      3.37,
      3.89
    ],
    [
      1.96,
      3.38,
      3.89
    ],
    [
      1.98,
      3.35,
      3.83
    ],
    [
      1.98,
      3.36,
      3.83
    ],
    [
      1.98,
      3.37,
      3.82
    ],
    [
      1.98,
      3.38,
      3.82
    ],
    [
      1.99,
      3.32,
      3.84
    ],
    [
      1.99,
      3.34,
      3.84
    ],
    [
      2.0,
      3.35,
      3.76
    ],
    [
      2.0,
      3.36,
      3.76
    ],
    [
      2.01,
      3.32,
      3.77
    ],
    [
      2.01,
      3.33,
      3.77
    ],
    [
      2.01,
      3.34,
      3.77
    ],
    [
      2.03,
      3.31,
      3.71
    ],
    [
      2.05,
      3.3,
      3.65
    ],
    [
      2.05,
      3.31,
      3.65
    ],
    [
      2.06,
      3.27,
      3.66
    ],
    [
      2.06,
      3.28,
      3.66
    ],
    [
      2.06,
      3.29,
      3.65
    ],
    [
      2.06,
      3.29,
      3.66
    ],
    [
      2.06,
      3.3,
      3.65
    ],
    [
      2.08,
      3.26,
      3.6
    ],
    [
      2.08,
      3.27,
      3.6
    ],
    [
      2.08,
      3.3,
      3.59
    ],
    [
      2.1,
      3.27,
      3.54
    ],
    [
      2.11,
      3.25,
      3.54
    ],
    [
      2.11,
      3.25,
      3.55
    ],
    [
      2.13,
      3.24,
      3.49
    ],
    [
      2.13,
      3.25,
      3.49
    ],
    [
      2.14,
      3.21,
      3.5
    ],
    [
      2.14,
      3.22,
      3.5
    ],
    [
      2.14,
      3.23,
      3.49
    ],
    [
      2.14,
      3.23,
      3.5
    ],
    [
      2.17,
      3.2,
      3.45
    ],
    [
      2.17,
      3.21,
      3.44
    ],
    [
      2.17,
      3.21,
      3.45
    ],
    [
      2.19,
      3.19,
      3.39
    ],
    [
      2.19,
      3.19,
      3.4
    ],
    [
      2.19,
      3.2,
      3.39
    ],
    [
      2.2,
      3.16,
      3.41
    ],
    [
      2.2,
      3.19,
      3.4
    ],
    [
      2.22,
      3.17,
      3.34
    ],
    [
      2.22,
      3.17,
      3.35
    ],
    [
      2.22,
      3.18,
      3.34
    ],
    [
      2.22,
      3.19,
      3.34
    ],
    [
      2.23,
      3.16,
      3.35
    ],
    [
      2.23,
      3.17,
      3.35
    ],
    [
      2.25,
      3.15,
      3.3
    ],
    [
      2.26,
      3.12,
      3.31
    ],
    [
      2.28,
      3.14,
      3.25
    ],
    [
      2.29,
      3.12,
      3.26
    ],
    [
      2.29,
      3.13,
      3.26
    ],
    [
      2.31,
      3.13,
      3.21
    ],
    [
      2.31,
      3.14,
      3.2
    ],
    [
      2.32,
      3.1,
      3.22
    ],
    [
      2.32,
      3.11,
      3.21
    ],
    [
      2.32,
      3.12,
      3.21
    ],
    [
      2.34,
      3.13,
      3.15
    ],
    [
      2.34,
      3.13,
      3.16
    ],
    [
      2.36,
      3.14,
      3.1
    ],
    [
      2.36,
      3.15,
      3.1
    ],
    [
      2.38,
      3.17,
      3.04
    ],
    [
      2.38,
      3.18,
      3.04
    ],
    [
      2.39,
      3.14,
      3.05
    ],
    [
      2.39,
      3.15,
      3.05
    ],
    [
      2.39,
      3.16,
      3.05
    ],
    [
      2.39,
      3.17,
      3.04
    ],
    [
      2.4,
      3.2,
      2.98
    ],
    [
      2.41,
      3.18,
      2.99
    ],
    [
      2.41,
      3.19,
      2.99
    ],
    [
      2.43,
      3.2,
      2.94
    ],
    [
      2.43,
      3.21,
      2.93
    ],
    [
      2.44,
      3.18,
      2.94
    ],
    [
      2.45,
      3.23,
      2.88
    ],
    [
      2.45,
      3.24,
      2.88
    ],
    [
      2.45,
      3.26,
      2.87
    ],
    [
      2.46,
      3.22,
      2.89
    ],
    [
      2.46,
      3.23,
      2.88
    ],
    [
      2.47,
      3.27,
      2.83
    ],
    [
      2.48,
      3.25,
      2.83
    ],
    [
      2.48,
      3.26,
      2.83
    ],
    [
      2.5,
      3.27,
      2.79
